image,magnification_factor
98.54.12.1.jpg,0.156010477
98.54.12.1.jpg,0.156010477
98.54.12.1.jpg,0.156010477
98.54.12.1.jpg,0.156010477
98.54.12.1.jpg,0.156010477
98.54.12.1.jpg,0.156010477
98.54.12.1.jpg,0.156010477
98.54.12.1.jpg,0.156010477
98.54.12.1.jpg,0.156010477
98.54.12.1.jpg,0.156010477
98.54.12.1.jpg,0.156010477
98.54.12.1.jpg,0.156010477
98.54.12.1.jpg,0.156010477
98.54.12.1.jpg,0.156010477
98.54.12.1.jpg,0.156010477
98.54.12.1.jpg,0.156010477
98.54.12.1.jpg,0.156010477
98.54.12.1.jpg,0.156010477
98.54.12.1.jpg,0.156010477
96.8.16.1.jpg,0.14717066
96.8.16.1.jpg,0.14717066
96.8.16.1.jpg,0.14717066
96.8.16.1.jpg,0.14717066
96.8.16.1.jpg,0.14717066
96.8.16.1.jpg,0.14717066
96.8.16.1.jpg,0.14717066
96.8.16.1.jpg,0.14717066
96.8.16.1.jpg,0.14717066
96.8.16.1.jpg,0.14717066
96.8.16.1.jpg,0.14717066
96.8.16.1.jpg,0.14717066
96.8.16.1.jpg,0.14717066
96.8.16.1.jpg,0.14717066
96.8.16.1.jpg,0.14717066
96.8.16.1.jpg,0.14717066
96.8.16.1.jpg,0.14717066
96.8.16.1.jpg,0.14717066
96.8.16.1.jpg,0.14717066
402.247.12.1.jpg,0.154147173
402.247.12.1.jpg,0.154147173
402.247.12.1.jpg,0.154147173
402.247.12.1.jpg,0.154147173
402.247.12.1.jpg,0.154147173
402.247.12.1.jpg,0.154147173
402.247.12.1.jpg,0.154147173
402.247.12.1.jpg,0.154147173
402.247.12.1.jpg,0.154147173
402.247.12.1.jpg,0.154147173
402.247.12.1.jpg,0.154147173
402.247.12.1.jpg,0.154147173
402.247.12.1.jpg,0.154147173
402.247.12.1.jpg,0.154147173
402.247.12.1.jpg,0.154147173
402.247.12.1.jpg,0.154147173
402.247.12.1.jpg,0.154147173
402.247.12.1.jpg,0.154147173
402.247.12.1.jpg,0.154147173
400.230.14.1.jpg,0.144654189
400.230.14.1.jpg,0.144654189
400.230.14.1.jpg,0.144654189
400.230.14.1.jpg,0.144654189
400.230.14.1.jpg,0.144654189
400.230.14.1.jpg,0.144654189
400.230.14.1.jpg,0.144654189
400.230.14.1.jpg,0.144654189
400.230.14.1.jpg,0.144654189
400.230.14.1.jpg,0.144654189
400.230.14.1.jpg,0.144654189
400.230.14.1.jpg,0.144654189
400.230.14.1.jpg,0.144654189
400.230.14.1.jpg,0.144654189
400.230.14.1.jpg,0.144654189
400.230.14.1.jpg,0.144654189
400.230.14.1.jpg,0.144654189
400.230.14.1.jpg,0.144654189
400.230.14.1.jpg,0.144654189
98.314.15.1.jpg,0.14587737
98.314.15.1.jpg,0.14587737
98.314.15.1.jpg,0.14587737
98.314.15.1.jpg,0.14587737
98.314.15.1.jpg,0.14587737
98.314.15.1.jpg,0.14587737
98.314.15.1.jpg,0.14587737
98.314.15.1.jpg,0.14587737
98.314.15.1.jpg,0.14587737
98.314.15.1.jpg,0.14587737
98.314.15.1.jpg,0.14587737
98.314.15.1.jpg,0.14587737
98.314.15.1.jpg,0.14587737
98.314.15.1.jpg,0.14587737
98.314.15.1.jpg,0.14587737
98.314.15.1.jpg,0.14587737
98.314.15.1.jpg,0.14587737
98.314.15.1.jpg,0.14587737
98.314.15.1.jpg,0.14587737
401.48.11.2.jpg,0.147412689
401.48.11.2.jpg,0.147412689
401.48.11.2.jpg,0.147412689
401.48.11.2.jpg,0.147412689
401.48.11.2.jpg,0.147412689
401.48.11.2.jpg,0.147412689
401.48.11.2.jpg,0.147412689
401.48.11.2.jpg,0.147412689
401.48.11.2.jpg,0.147412689
401.48.11.2.jpg,0.147412689
401.48.11.2.jpg,0.147412689
401.48.11.2.jpg,0.147412689
401.48.11.2.jpg,0.147412689
401.48.11.2.jpg,0.147412689
401.48.11.2.jpg,0.147412689
401.48.11.2.jpg,0.147412689
401.48.11.2.jpg,0.147412689
401.48.11.2.jpg,0.147412689
401.48.11.2.jpg,0.147412689
402.90.10.2.jpg,0.156950663
402.90.10.2.jpg,0.156950663
402.90.10.2.jpg,0.156950663
402.90.10.2.jpg,0.156950663
402.90.10.2.jpg,0.156950663
402.90.10.2.jpg,0.156950663
402.90.10.2.jpg,0.156950663
402.90.10.2.jpg,0.156950663
402.90.10.2.jpg,0.156950663
402.90.10.2.jpg,0.156950663
402.90.10.2.jpg,0.156950663
402.90.10.2.jpg,0.156950663
402.90.10.2.jpg,0.156950663
402.90.10.2.jpg,0.156950663
402.90.10.2.jpg,0.156950663
402.90.10.2.jpg,0.156950663
402.90.10.2.jpg,0.156950663
402.90.10.2.jpg,0.156950663
402.90.10.2.jpg,0.156950663
401.206.8.1.jpg,0.147182441
401.206.8.1.jpg,0.147182441
401.206.8.1.jpg,0.147182441
401.206.8.1.jpg,0.147182441
401.206.8.1.jpg,0.147182441
401.206.8.1.jpg,0.147182441
401.206.8.1.jpg,0.147182441
401.206.8.1.jpg,0.147182441
401.206.8.1.jpg,0.147182441
401.206.8.1.jpg,0.147182441
401.206.8.1.jpg,0.147182441
401.206.8.1.jpg,0.147182441
401.206.8.1.jpg,0.147182441
401.206.8.1.jpg,0.147182441
401.206.8.1.jpg,0.147182441
401.206.8.1.jpg,0.147182441
401.206.8.1.jpg,0.147182441
401.206.8.1.jpg,0.147182441
401.206.8.1.jpg,0.147182441
98.91.12.2.jpg,0.150406769
98.91.12.2.jpg,0.150406769
98.91.12.2.jpg,0.150406769
98.91.12.2.jpg,0.150406769
98.91.12.2.jpg,0.150406769
98.91.12.2.jpg,0.150406769
98.91.12.2.jpg,0.150406769
98.91.12.2.jpg,0.150406769
98.91.12.2.jpg,0.150406769
98.91.12.2.jpg,0.150406769
98.91.12.2.jpg,0.150406769
98.91.12.2.jpg,0.150406769
98.91.12.2.jpg,0.150406769
98.91.12.2.jpg,0.150406769
98.91.12.2.jpg,0.150406769
98.91.12.2.jpg,0.150406769
98.91.12.2.jpg,0.150406769
98.91.12.2.jpg,0.150406769
98.91.12.2.jpg,0.150406769
98.173.7.1.jpg,0.145846809
98.173.7.1.jpg,0.145846809
98.173.7.1.jpg,0.145846809
98.173.7.1.jpg,0.145846809
98.173.7.1.jpg,0.145846809
98.173.7.1.jpg,0.145846809
98.173.7.1.jpg,0.145846809
98.173.7.1.jpg,0.145846809
98.173.7.1.jpg,0.145846809
98.173.7.1.jpg,0.145846809
98.173.7.1.jpg,0.145846809
98.173.7.1.jpg,0.145846809
98.173.7.1.jpg,0.145846809
98.173.7.1.jpg,0.145846809
98.173.7.1.jpg,0.145846809
98.173.7.1.jpg,0.145846809
98.173.7.1.jpg,0.145846809
98.173.7.1.jpg,0.145846809
98.173.7.1.jpg,0.145846809
401.150.10.2.jpg,0.14103008
401.150.10.2.jpg,0.14103008
401.150.10.2.jpg,0.14103008
401.150.10.2.jpg,0.14103008
401.150.10.2.jpg,0.14103008
401.150.10.2.jpg,0.14103008
401.150.10.2.jpg,0.14103008
401.150.10.2.jpg,0.14103008
401.150.10.2.jpg,0.14103008
401.150.10.2.jpg,0.14103008
401.150.10.2.jpg,0.14103008
401.150.10.2.jpg,0.14103008
401.150.10.2.jpg,0.14103008
401.150.10.2.jpg,0.14103008
401.150.10.2.jpg,0.14103008
401.150.10.2.jpg,0.14103008
401.150.10.2.jpg,0.14103008
401.150.10.2.jpg,0.14103008
401.150.10.2.jpg,0.14103008
402.38.11.2.jpg,0.148145825
402.38.11.2.jpg,0.148145825
402.38.11.2.jpg,0.148145825
402.38.11.2.jpg,0.148145825
402.38.11.2.jpg,0.148145825
402.38.11.2.jpg,0.148145825
402.38.11.2.jpg,0.148145825
402.38.11.2.jpg,0.148145825
402.38.11.2.jpg,0.148145825
402.38.11.2.jpg,0.148145825
402.38.11.2.jpg,0.148145825
402.38.11.2.jpg,0.148145825
402.38.11.2.jpg,0.148145825
402.38.11.2.jpg,0.148145825
402.38.11.2.jpg,0.148145825
402.38.11.2.jpg,0.148145825
402.38.11.2.jpg,0.148145825
402.38.11.2.jpg,0.148145825
402.38.11.2.jpg,0.148145825
98.190.15.2.jpg,0.143746571
98.190.15.2.jpg,0.143746571
98.190.15.2.jpg,0.143746571
98.190.15.2.jpg,0.143746571
98.190.15.2.jpg,0.143746571
98.190.15.2.jpg,0.143746571
98.190.15.2.jpg,0.143746571
98.190.15.2.jpg,0.143746571
98.190.15.2.jpg,0.143746571
98.190.15.2.jpg,0.143746571
98.190.15.2.jpg,0.143746571
98.190.15.2.jpg,0.143746571
98.190.15.2.jpg,0.143746571
98.190.15.2.jpg,0.143746571
98.190.15.2.jpg,0.143746571
98.190.15.2.jpg,0.143746571
98.190.15.2.jpg,0.143746571
98.190.15.2.jpg,0.143746571
98.190.15.2.jpg,0.143746571
401.40.9.1.jpg,0.158338122
401.40.9.1.jpg,0.158338122
401.40.9.1.jpg,0.158338122
401.40.9.1.jpg,0.158338122
401.40.9.1.jpg,0.158338122
401.40.9.1.jpg,0.158338122
401.40.9.1.jpg,0.158338122
401.40.9.1.jpg,0.158338122
401.40.9.1.jpg,0.158338122
401.40.9.1.jpg,0.158338122
401.40.9.1.jpg,0.158338122
401.40.9.1.jpg,0.158338122
401.40.9.1.jpg,0.158338122
401.40.9.1.jpg,0.158338122
401.40.9.1.jpg,0.158338122
401.40.9.1.jpg,0.158338122
401.40.9.1.jpg,0.158338122
401.40.9.1.jpg,0.158338122
401.40.9.1.jpg,0.158338122
400.165.13.1.jpg,0.148668952
400.165.13.1.jpg,0.148668952
400.165.13.1.jpg,0.148668952
400.165.13.1.jpg,0.148668952
400.165.13.1.jpg,0.148668952
400.165.13.1.jpg,0.148668952
400.165.13.1.jpg,0.148668952
400.165.13.1.jpg,0.148668952
400.165.13.1.jpg,0.148668952
400.165.13.1.jpg,0.148668952
400.165.13.1.jpg,0.148668952
400.165.13.1.jpg,0.148668952
400.165.13.1.jpg,0.148668952
400.165.13.1.jpg,0.148668952
400.165.13.1.jpg,0.148668952
400.165.13.1.jpg,0.148668952
400.165.13.1.jpg,0.148668952
400.165.13.1.jpg,0.148668952
400.165.13.1.jpg,0.148668952
401.106.10.2.jpg,0.146277218
401.106.10.2.jpg,0.146277218
401.106.10.2.jpg,0.146277218
401.106.10.2.jpg,0.146277218
401.106.10.2.jpg,0.146277218
401.106.10.2.jpg,0.146277218
401.106.10.2.jpg,0.146277218
401.106.10.2.jpg,0.146277218
401.106.10.2.jpg,0.146277218
401.106.10.2.jpg,0.146277218
401.106.10.2.jpg,0.146277218
401.106.10.2.jpg,0.146277218
401.106.10.2.jpg,0.146277218
401.106.10.2.jpg,0.146277218
401.106.10.2.jpg,0.146277218
401.106.10.2.jpg,0.146277218
401.106.10.2.jpg,0.146277218
401.106.10.2.jpg,0.146277218
401.106.10.2.jpg,0.146277218
400.278.15.1.jpg,0.141694911
400.278.15.1.jpg,0.141694911
400.278.15.1.jpg,0.141694911
400.278.15.1.jpg,0.141694911
400.278.15.1.jpg,0.141694911
400.278.15.1.jpg,0.141694911
400.278.15.1.jpg,0.141694911
400.278.15.1.jpg,0.141694911
400.278.15.1.jpg,0.141694911
400.278.15.1.jpg,0.141694911
400.278.15.1.jpg,0.141694911
400.278.15.1.jpg,0.141694911
400.278.15.1.jpg,0.141694911
400.278.15.1.jpg,0.141694911
400.278.15.1.jpg,0.141694911
400.278.15.1.jpg,0.141694911
400.278.15.1.jpg,0.141694911
400.278.15.1.jpg,0.141694911
400.278.15.1.jpg,0.141694911
400.377.18.2.jpg,0.157650085
400.377.18.2.jpg,0.157650085
400.377.18.2.jpg,0.157650085
400.377.18.2.jpg,0.157650085
400.377.18.2.jpg,0.157650085
400.377.18.2.jpg,0.157650085
400.377.18.2.jpg,0.157650085
400.377.18.2.jpg,0.157650085
400.377.18.2.jpg,0.157650085
400.377.18.2.jpg,0.157650085
400.377.18.2.jpg,0.157650085
400.377.18.2.jpg,0.157650085
400.377.18.2.jpg,0.157650085
400.377.18.2.jpg,0.157650085
400.377.18.2.jpg,0.157650085
400.377.18.2.jpg,0.157650085
400.377.18.2.jpg,0.157650085
400.377.18.2.jpg,0.157650085
400.377.18.2.jpg,0.157650085
402.157.12.2.jpg,0.158794643
402.157.12.2.jpg,0.158794643
402.157.12.2.jpg,0.158794643
402.157.12.2.jpg,0.158794643
402.157.12.2.jpg,0.158794643
402.157.12.2.jpg,0.158794643
402.157.12.2.jpg,0.158794643
402.157.12.2.jpg,0.158794643
402.157.12.2.jpg,0.158794643
402.157.12.2.jpg,0.158794643
402.157.12.2.jpg,0.158794643
402.157.12.2.jpg,0.158794643
402.157.12.2.jpg,0.158794643
402.157.12.2.jpg,0.158794643
402.157.12.2.jpg,0.158794643
402.157.12.2.jpg,0.158794643
402.157.12.2.jpg,0.158794643
402.157.12.2.jpg,0.158794643
402.157.12.2.jpg,0.158794643
400.62.7.1.jpg,0.145541828
400.62.7.1.jpg,0.145541828
400.62.7.1.jpg,0.145541828
400.62.7.1.jpg,0.145541828
400.62.7.1.jpg,0.145541828
400.62.7.1.jpg,0.145541828
400.62.7.1.jpg,0.145541828
400.62.7.1.jpg,0.145541828
400.62.7.1.jpg,0.145541828
400.62.7.1.jpg,0.145541828
400.62.7.1.jpg,0.145541828
400.62.7.1.jpg,0.145541828
400.62.7.1.jpg,0.145541828
400.62.7.1.jpg,0.145541828
400.62.7.1.jpg,0.145541828
400.62.7.1.jpg,0.145541828
400.62.7.1.jpg,0.145541828
400.62.7.1.jpg,0.145541828
400.62.7.1.jpg,0.145541828
401.110.11.1.jpg,0.15011267
401.110.11.1.jpg,0.15011267
401.110.11.1.jpg,0.15011267
401.110.11.1.jpg,0.15011267
401.110.11.1.jpg,0.15011267
401.110.11.1.jpg,0.15011267
401.110.11.1.jpg,0.15011267
401.110.11.1.jpg,0.15011267
401.110.11.1.jpg,0.15011267
401.110.11.1.jpg,0.15011267
401.110.11.1.jpg,0.15011267
401.110.11.1.jpg,0.15011267
401.110.11.1.jpg,0.15011267
401.110.11.1.jpg,0.15011267
401.110.11.1.jpg,0.15011267
401.110.11.1.jpg,0.15011267
401.110.11.1.jpg,0.15011267
401.110.11.1.jpg,0.15011267
401.110.11.1.jpg,0.15011267
402.47.15.2.jpg,0.151479764
402.47.15.2.jpg,0.151479764
402.47.15.2.jpg,0.151479764
402.47.15.2.jpg,0.151479764
402.47.15.2.jpg,0.151479764
402.47.15.2.jpg,0.151479764
402.47.15.2.jpg,0.151479764
402.47.15.2.jpg,0.151479764
402.47.15.2.jpg,0.151479764
402.47.15.2.jpg,0.151479764
402.47.15.2.jpg,0.151479764
402.47.15.2.jpg,0.151479764
402.47.15.2.jpg,0.151479764
402.47.15.2.jpg,0.151479764
402.47.15.2.jpg,0.151479764
402.47.15.2.jpg,0.151479764
402.47.15.2.jpg,0.151479764
402.47.15.2.jpg,0.151479764
402.47.15.2.jpg,0.151479764
402.80.11.2.jpg,0.151559618
402.80.11.2.jpg,0.151559618
402.80.11.2.jpg,0.151559618
402.80.11.2.jpg,0.151559618
402.80.11.2.jpg,0.151559618
402.80.11.2.jpg,0.151559618
402.80.11.2.jpg,0.151559618
402.80.11.2.jpg,0.151559618
402.80.11.2.jpg,0.151559618
402.80.11.2.jpg,0.151559618
402.80.11.2.jpg,0.151559618
402.80.11.2.jpg,0.151559618
402.80.11.2.jpg,0.151559618
402.80.11.2.jpg,0.151559618
402.80.11.2.jpg,0.151559618
402.80.11.2.jpg,0.151559618
402.80.11.2.jpg,0.151559618
402.80.11.2.jpg,0.151559618
402.80.11.2.jpg,0.151559618
401.36.10.1.jpg,0.142556677
401.36.10.1.jpg,0.142556677
401.36.10.1.jpg,0.142556677
401.36.10.1.jpg,0.142556677
401.36.10.1.jpg,0.142556677
401.36.10.1.jpg,0.142556677
401.36.10.1.jpg,0.142556677
401.36.10.1.jpg,0.142556677
401.36.10.1.jpg,0.142556677
401.36.10.1.jpg,0.142556677
401.36.10.1.jpg,0.142556677
401.36.10.1.jpg,0.142556677
401.36.10.1.jpg,0.142556677
401.36.10.1.jpg,0.142556677
401.36.10.1.jpg,0.142556677
401.36.10.1.jpg,0.142556677
401.36.10.1.jpg,0.142556677
401.36.10.1.jpg,0.142556677
401.36.10.1.jpg,0.142556677
401.143.9.2.jpg,0.151001865
401.143.9.2.jpg,0.151001865
401.143.9.2.jpg,0.151001865
401.143.9.2.jpg,0.151001865
401.143.9.2.jpg,0.151001865
401.143.9.2.jpg,0.151001865
401.143.9.2.jpg,0.151001865
401.143.9.2.jpg,0.151001865
401.143.9.2.jpg,0.151001865
401.143.9.2.jpg,0.151001865
401.143.9.2.jpg,0.151001865
401.143.9.2.jpg,0.151001865
401.143.9.2.jpg,0.151001865
401.143.9.2.jpg,0.151001865
401.143.9.2.jpg,0.151001865
401.143.9.2.jpg,0.151001865
401.143.9.2.jpg,0.151001865
401.143.9.2.jpg,0.151001865
401.143.9.2.jpg,0.151001865
400.48.15.2.jpg,0.149935556
400.48.15.2.jpg,0.149935556
400.48.15.2.jpg,0.149935556
400.48.15.2.jpg,0.149935556
400.48.15.2.jpg,0.149935556
400.48.15.2.jpg,0.149935556
400.48.15.2.jpg,0.149935556
400.48.15.2.jpg,0.149935556
400.48.15.2.jpg,0.149935556
400.48.15.2.jpg,0.149935556
400.48.15.2.jpg,0.149935556
400.48.15.2.jpg,0.149935556
400.48.15.2.jpg,0.149935556
400.48.15.2.jpg,0.149935556
400.48.15.2.jpg,0.149935556
400.48.15.2.jpg,0.149935556
400.48.15.2.jpg,0.149935556
400.48.15.2.jpg,0.149935556
400.48.15.2.jpg,0.149935556
400.61.13.1.jpg,0.149562048
400.61.13.1.jpg,0.149562048
400.61.13.1.jpg,0.149562048
400.61.13.1.jpg,0.149562048
400.61.13.1.jpg,0.149562048
400.61.13.1.jpg,0.149562048
400.61.13.1.jpg,0.149562048
400.61.13.1.jpg,0.149562048
400.61.13.1.jpg,0.149562048
400.61.13.1.jpg,0.149562048
400.61.13.1.jpg,0.149562048
400.61.13.1.jpg,0.149562048
400.61.13.1.jpg,0.149562048
400.61.13.1.jpg,0.149562048
400.61.13.1.jpg,0.149562048
400.61.13.1.jpg,0.149562048
400.61.13.1.jpg,0.149562048
400.61.13.1.jpg,0.149562048
400.61.13.1.jpg,0.149562048
400.140.14.1.jpg,0.141133155
400.140.14.1.jpg,0.141133155
400.140.14.1.jpg,0.141133155
400.140.14.1.jpg,0.141133155
400.140.14.1.jpg,0.141133155
400.140.14.1.jpg,0.141133155
400.140.14.1.jpg,0.141133155
400.140.14.1.jpg,0.141133155
400.140.14.1.jpg,0.141133155
400.140.14.1.jpg,0.141133155
400.140.14.1.jpg,0.141133155
400.140.14.1.jpg,0.141133155
400.140.14.1.jpg,0.141133155
400.140.14.1.jpg,0.141133155
400.140.14.1.jpg,0.141133155
400.140.14.1.jpg,0.141133155
400.140.14.1.jpg,0.141133155
400.140.14.1.jpg,0.141133155
400.140.14.1.jpg,0.141133155
400.201.10.1.jpg,0.146854584
400.201.10.1.jpg,0.146854584
400.201.10.1.jpg,0.146854584
400.201.10.1.jpg,0.146854584
400.201.10.1.jpg,0.146854584
400.201.10.1.jpg,0.146854584
400.201.10.1.jpg,0.146854584
400.201.10.1.jpg,0.146854584
400.201.10.1.jpg,0.146854584
400.201.10.1.jpg,0.146854584
400.201.10.1.jpg,0.146854584
400.201.10.1.jpg,0.146854584
400.201.10.1.jpg,0.146854584
400.201.10.1.jpg,0.146854584
400.201.10.1.jpg,0.146854584
400.201.10.1.jpg,0.146854584
400.201.10.1.jpg,0.146854584
400.201.10.1.jpg,0.146854584
400.201.10.1.jpg,0.146854584
400.81.9.2.jpg,0.149929748
400.81.9.2.jpg,0.149929748
400.81.9.2.jpg,0.149929748
400.81.9.2.jpg,0.149929748
400.81.9.2.jpg,0.149929748
400.81.9.2.jpg,0.149929748
400.81.9.2.jpg,0.149929748
400.81.9.2.jpg,0.149929748
400.81.9.2.jpg,0.149929748
400.81.9.2.jpg,0.149929748
400.81.9.2.jpg,0.149929748
400.81.9.2.jpg,0.149929748
400.81.9.2.jpg,0.149929748
400.81.9.2.jpg,0.149929748
400.81.9.2.jpg,0.149929748
400.81.9.2.jpg,0.149929748
400.81.9.2.jpg,0.149929748
400.81.9.2.jpg,0.149929748
400.81.9.2.jpg,0.149929748
401.165.12.2.jpg,0.143314907
401.165.12.2.jpg,0.143314907
401.165.12.2.jpg,0.143314907
401.165.12.2.jpg,0.143314907
401.165.12.2.jpg,0.143314907
401.165.12.2.jpg,0.143314907
401.165.12.2.jpg,0.143314907
401.165.12.2.jpg,0.143314907
401.165.12.2.jpg,0.143314907
401.165.12.2.jpg,0.143314907
401.165.12.2.jpg,0.143314907
401.165.12.2.jpg,0.143314907
401.165.12.2.jpg,0.143314907
401.165.12.2.jpg,0.143314907
401.165.12.2.jpg,0.143314907
401.165.12.2.jpg,0.143314907
401.165.12.2.jpg,0.143314907
401.165.12.2.jpg,0.143314907
401.165.12.2.jpg,0.143314907
96.22.9.2.jpg,0.157473416
96.22.9.2.jpg,0.157473416
96.22.9.2.jpg,0.157473416
96.22.9.2.jpg,0.157473416
96.22.9.2.jpg,0.157473416
96.22.9.2.jpg,0.157473416
96.22.9.2.jpg,0.157473416
96.22.9.2.jpg,0.157473416
96.22.9.2.jpg,0.157473416
96.22.9.2.jpg,0.157473416
96.22.9.2.jpg,0.157473416
96.22.9.2.jpg,0.157473416
96.22.9.2.jpg,0.157473416
96.22.9.2.jpg,0.157473416
96.22.9.2.jpg,0.157473416
96.22.9.2.jpg,0.157473416
96.22.9.2.jpg,0.157473416
96.22.9.2.jpg,0.157473416
96.22.9.2.jpg,0.157473416
401.203.12.2.jpg,0.144183864
401.203.12.2.jpg,0.144183864
401.203.12.2.jpg,0.144183864
401.203.12.2.jpg,0.144183864
401.203.12.2.jpg,0.144183864
401.203.12.2.jpg,0.144183864
401.203.12.2.jpg,0.144183864
401.203.12.2.jpg,0.144183864
401.203.12.2.jpg,0.144183864
401.203.12.2.jpg,0.144183864
401.203.12.2.jpg,0.144183864
401.203.12.2.jpg,0.144183864
401.203.12.2.jpg,0.144183864
401.203.12.2.jpg,0.144183864
401.203.12.2.jpg,0.144183864
401.203.12.2.jpg,0.144183864
401.203.12.2.jpg,0.144183864
401.203.12.2.jpg,0.144183864
401.203.12.2.jpg,0.144183864
402.108.18.2.jpg,0.146693662
402.108.18.2.jpg,0.146693662
402.108.18.2.jpg,0.146693662
402.108.18.2.jpg,0.146693662
402.108.18.2.jpg,0.146693662
402.108.18.2.jpg,0.146693662
402.108.18.2.jpg,0.146693662
402.108.18.2.jpg,0.146693662
402.108.18.2.jpg,0.146693662
402.108.18.2.jpg,0.146693662
402.108.18.2.jpg,0.146693662
402.108.18.2.jpg,0.146693662
402.108.18.2.jpg,0.146693662
402.108.18.2.jpg,0.146693662
402.108.18.2.jpg,0.146693662
402.108.18.2.jpg,0.146693662
402.108.18.2.jpg,0.146693662
402.108.18.2.jpg,0.146693662
402.108.18.2.jpg,0.146693662
402.222.16.1.jpg,0.151310322
402.222.16.1.jpg,0.151310322
402.222.16.1.jpg,0.151310322
402.222.16.1.jpg,0.151310322
402.222.16.1.jpg,0.151310322
402.222.16.1.jpg,0.151310322
402.222.16.1.jpg,0.151310322
402.222.16.1.jpg,0.151310322
402.222.16.1.jpg,0.151310322
402.222.16.1.jpg,0.151310322
402.222.16.1.jpg,0.151310322
402.222.16.1.jpg,0.151310322
402.222.16.1.jpg,0.151310322
402.222.16.1.jpg,0.151310322
402.222.16.1.jpg,0.151310322
402.222.16.1.jpg,0.151310322
402.222.16.1.jpg,0.151310322
402.222.16.1.jpg,0.151310322
402.222.16.1.jpg,0.151310322
400.265.13.1.jpg,0.155253186
400.265.13.1.jpg,0.155253186
400.265.13.1.jpg,0.155253186
400.265.13.1.jpg,0.155253186
400.265.13.1.jpg,0.155253186
400.265.13.1.jpg,0.155253186
400.265.13.1.jpg,0.155253186
400.265.13.1.jpg,0.155253186
400.265.13.1.jpg,0.155253186
400.265.13.1.jpg,0.155253186
400.265.13.1.jpg,0.155253186
400.265.13.1.jpg,0.155253186
400.265.13.1.jpg,0.155253186
400.265.13.1.jpg,0.155253186
400.265.13.1.jpg,0.155253186
400.265.13.1.jpg,0.155253186
400.265.13.1.jpg,0.155253186
400.265.13.1.jpg,0.155253186
400.265.13.1.jpg,0.155253186
401.173.17.1.jpg,0.145473632
401.173.17.1.jpg,0.145473632
401.173.17.1.jpg,0.145473632
401.173.17.1.jpg,0.145473632
401.173.17.1.jpg,0.145473632
401.173.17.1.jpg,0.145473632
401.173.17.1.jpg,0.145473632
401.173.17.1.jpg,0.145473632
401.173.17.1.jpg,0.145473632
401.173.17.1.jpg,0.145473632
401.173.17.1.jpg,0.145473632
401.173.17.1.jpg,0.145473632
401.173.17.1.jpg,0.145473632
401.173.17.1.jpg,0.145473632
401.173.17.1.jpg,0.145473632
401.173.17.1.jpg,0.145473632
401.173.17.1.jpg,0.145473632
401.173.17.1.jpg,0.145473632
401.173.17.1.jpg,0.145473632
400.206.11.2.jpg,0.145795642
400.206.11.2.jpg,0.145795642
400.206.11.2.jpg,0.145795642
400.206.11.2.jpg,0.145795642
400.206.11.2.jpg,0.145795642
400.206.11.2.jpg,0.145795642
400.206.11.2.jpg,0.145795642
400.206.11.2.jpg,0.145795642
400.206.11.2.jpg,0.145795642
400.206.11.2.jpg,0.145795642
400.206.11.2.jpg,0.145795642
400.206.11.2.jpg,0.145795642
400.206.11.2.jpg,0.145795642
400.206.11.2.jpg,0.145795642
400.206.11.2.jpg,0.145795642
400.206.11.2.jpg,0.145795642
400.206.11.2.jpg,0.145795642
400.206.11.2.jpg,0.145795642
400.206.11.2.jpg,0.145795642
402.30.8.1.jpg,0.141328422
402.30.8.1.jpg,0.141328422
402.30.8.1.jpg,0.141328422
402.30.8.1.jpg,0.141328422
402.30.8.1.jpg,0.141328422
402.30.8.1.jpg,0.141328422
402.30.8.1.jpg,0.141328422
402.30.8.1.jpg,0.141328422
402.30.8.1.jpg,0.141328422
402.30.8.1.jpg,0.141328422
402.30.8.1.jpg,0.141328422
402.30.8.1.jpg,0.141328422
402.30.8.1.jpg,0.141328422
402.30.8.1.jpg,0.141328422
402.30.8.1.jpg,0.141328422
402.30.8.1.jpg,0.141328422
402.30.8.1.jpg,0.141328422
402.30.8.1.jpg,0.141328422
402.30.8.1.jpg,0.141328422
400.18.12.2.jpg,0.158617689
400.18.12.2.jpg,0.158617689
400.18.12.2.jpg,0.158617689
400.18.12.2.jpg,0.158617689
400.18.12.2.jpg,0.158617689
400.18.12.2.jpg,0.158617689
400.18.12.2.jpg,0.158617689
400.18.12.2.jpg,0.158617689
400.18.12.2.jpg,0.158617689
400.18.12.2.jpg,0.158617689
400.18.12.2.jpg,0.158617689
400.18.12.2.jpg,0.158617689
400.18.12.2.jpg,0.158617689
400.18.12.2.jpg,0.158617689
400.18.12.2.jpg,0.158617689
400.18.12.2.jpg,0.158617689
400.18.12.2.jpg,0.158617689
400.18.12.2.jpg,0.158617689
400.18.12.2.jpg,0.158617689
402.51.17.2.jpg,0.154496591
402.51.17.2.jpg,0.154496591
402.51.17.2.jpg,0.154496591
402.51.17.2.jpg,0.154496591
402.51.17.2.jpg,0.154496591
402.51.17.2.jpg,0.154496591
402.51.17.2.jpg,0.154496591
402.51.17.2.jpg,0.154496591
402.51.17.2.jpg,0.154496591
402.51.17.2.jpg,0.154496591
402.51.17.2.jpg,0.154496591
402.51.17.2.jpg,0.154496591
402.51.17.2.jpg,0.154496591
402.51.17.2.jpg,0.154496591
402.51.17.2.jpg,0.154496591
402.51.17.2.jpg,0.154496591
402.51.17.2.jpg,0.154496591
402.51.17.2.jpg,0.154496591
402.51.17.2.jpg,0.154496591
401.185.15.2.jpg,0.143858084
401.185.15.2.jpg,0.143858084
401.185.15.2.jpg,0.143858084
401.185.15.2.jpg,0.143858084
401.185.15.2.jpg,0.143858084
401.185.15.2.jpg,0.143858084
401.185.15.2.jpg,0.143858084
401.185.15.2.jpg,0.143858084
401.185.15.2.jpg,0.143858084
401.185.15.2.jpg,0.143858084
401.185.15.2.jpg,0.143858084
401.185.15.2.jpg,0.143858084
401.185.15.2.jpg,0.143858084
401.185.15.2.jpg,0.143858084
401.185.15.2.jpg,0.143858084
401.185.15.2.jpg,0.143858084
401.185.15.2.jpg,0.143858084
401.185.15.2.jpg,0.143858084
401.185.15.2.jpg,0.143858084
98.28.7.1.jpg,0.152596454
98.28.7.1.jpg,0.152596454
98.28.7.1.jpg,0.152596454
98.28.7.1.jpg,0.152596454
98.28.7.1.jpg,0.152596454
98.28.7.1.jpg,0.152596454
98.28.7.1.jpg,0.152596454
98.28.7.1.jpg,0.152596454
98.28.7.1.jpg,0.152596454
98.28.7.1.jpg,0.152596454
98.28.7.1.jpg,0.152596454
98.28.7.1.jpg,0.152596454
98.28.7.1.jpg,0.152596454
98.28.7.1.jpg,0.152596454
98.28.7.1.jpg,0.152596454
98.28.7.1.jpg,0.152596454
98.28.7.1.jpg,0.152596454
98.28.7.1.jpg,0.152596454
98.28.7.1.jpg,0.152596454
98.217.17.2.jpg,0.144120838
98.217.17.2.jpg,0.144120838
98.217.17.2.jpg,0.144120838
98.217.17.2.jpg,0.144120838
98.217.17.2.jpg,0.144120838
98.217.17.2.jpg,0.144120838
98.217.17.2.jpg,0.144120838
98.217.17.2.jpg,0.144120838
98.217.17.2.jpg,0.144120838
98.217.17.2.jpg,0.144120838
98.217.17.2.jpg,0.144120838
98.217.17.2.jpg,0.144120838
98.217.17.2.jpg,0.144120838
98.217.17.2.jpg,0.144120838
98.217.17.2.jpg,0.144120838
98.217.17.2.jpg,0.144120838
98.217.17.2.jpg,0.144120838
98.217.17.2.jpg,0.144120838
98.217.17.2.jpg,0.144120838
98.255.15.1.jpg,0.159789135
98.255.15.1.jpg,0.159789135
98.255.15.1.jpg,0.159789135
98.255.15.1.jpg,0.159789135
98.255.15.1.jpg,0.159789135
98.255.15.1.jpg,0.159789135
98.255.15.1.jpg,0.159789135
98.255.15.1.jpg,0.159789135
98.255.15.1.jpg,0.159789135
98.255.15.1.jpg,0.159789135
98.255.15.1.jpg,0.159789135
98.255.15.1.jpg,0.159789135
98.255.15.1.jpg,0.159789135
98.255.15.1.jpg,0.159789135
98.255.15.1.jpg,0.159789135
98.255.15.1.jpg,0.159789135
98.255.15.1.jpg,0.159789135
98.255.15.1.jpg,0.159789135
98.255.15.1.jpg,0.159789135
98.106.8.2.jpg,0.144315747
98.106.8.2.jpg,0.144315747
98.106.8.2.jpg,0.144315747
98.106.8.2.jpg,0.144315747
98.106.8.2.jpg,0.144315747
98.106.8.2.jpg,0.144315747
98.106.8.2.jpg,0.144315747
98.106.8.2.jpg,0.144315747
98.106.8.2.jpg,0.144315747
98.106.8.2.jpg,0.144315747
98.106.8.2.jpg,0.144315747
98.106.8.2.jpg,0.144315747
98.106.8.2.jpg,0.144315747
98.106.8.2.jpg,0.144315747
98.106.8.2.jpg,0.144315747
98.106.8.2.jpg,0.144315747
98.106.8.2.jpg,0.144315747
98.106.8.2.jpg,0.144315747
98.106.8.2.jpg,0.144315747
96.221.13.2.jpg,0.151524171
96.221.13.2.jpg,0.151524171
96.221.13.2.jpg,0.151524171
96.221.13.2.jpg,0.151524171
96.221.13.2.jpg,0.151524171
96.221.13.2.jpg,0.151524171
96.221.13.2.jpg,0.151524171
96.221.13.2.jpg,0.151524171
96.221.13.2.jpg,0.151524171
96.221.13.2.jpg,0.151524171
96.221.13.2.jpg,0.151524171
96.221.13.2.jpg,0.151524171
96.221.13.2.jpg,0.151524171
96.221.13.2.jpg,0.151524171
96.221.13.2.jpg,0.151524171
96.221.13.2.jpg,0.151524171
96.221.13.2.jpg,0.151524171
96.221.13.2.jpg,0.151524171
96.221.13.2.jpg,0.151524171
400.369.7.2.jpg,0.156096863
400.369.7.2.jpg,0.156096863
400.369.7.2.jpg,0.156096863
400.369.7.2.jpg,0.156096863
400.369.7.2.jpg,0.156096863
400.369.7.2.jpg,0.156096863
400.369.7.2.jpg,0.156096863
400.369.7.2.jpg,0.156096863
400.369.7.2.jpg,0.156096863
400.369.7.2.jpg,0.156096863
400.369.7.2.jpg,0.156096863
400.369.7.2.jpg,0.156096863
400.369.7.2.jpg,0.156096863
400.369.7.2.jpg,0.156096863
400.369.7.2.jpg,0.156096863
400.369.7.2.jpg,0.156096863
400.369.7.2.jpg,0.156096863
400.369.7.2.jpg,0.156096863
400.369.7.2.jpg,0.156096863
400.151.17.2.jpg,0.157551757
400.151.17.2.jpg,0.157551757
400.151.17.2.jpg,0.157551757
400.151.17.2.jpg,0.157551757
400.151.17.2.jpg,0.157551757
400.151.17.2.jpg,0.157551757
400.151.17.2.jpg,0.157551757
400.151.17.2.jpg,0.157551757
400.151.17.2.jpg,0.157551757
400.151.17.2.jpg,0.157551757
400.151.17.2.jpg,0.157551757
400.151.17.2.jpg,0.157551757
400.151.17.2.jpg,0.157551757
400.151.17.2.jpg,0.157551757
400.151.17.2.jpg,0.157551757
400.151.17.2.jpg,0.157551757
400.151.17.2.jpg,0.157551757
400.151.17.2.jpg,0.157551757
400.151.17.2.jpg,0.157551757
401.207.12.2.jpg,0.153803179
401.207.12.2.jpg,0.153803179
401.207.12.2.jpg,0.153803179
401.207.12.2.jpg,0.153803179
401.207.12.2.jpg,0.153803179
401.207.12.2.jpg,0.153803179
401.207.12.2.jpg,0.153803179
401.207.12.2.jpg,0.153803179
401.207.12.2.jpg,0.153803179
401.207.12.2.jpg,0.153803179
401.207.12.2.jpg,0.153803179
401.207.12.2.jpg,0.153803179
401.207.12.2.jpg,0.153803179
401.207.12.2.jpg,0.153803179
401.207.12.2.jpg,0.153803179
401.207.12.2.jpg,0.153803179
401.207.12.2.jpg,0.153803179
401.207.12.2.jpg,0.153803179
401.207.12.2.jpg,0.153803179
402.252.12.1.jpg,0.15315501
402.252.12.1.jpg,0.15315501
402.252.12.1.jpg,0.15315501
402.252.12.1.jpg,0.15315501
402.252.12.1.jpg,0.15315501
402.252.12.1.jpg,0.15315501
402.252.12.1.jpg,0.15315501
402.252.12.1.jpg,0.15315501
402.252.12.1.jpg,0.15315501
402.252.12.1.jpg,0.15315501
402.252.12.1.jpg,0.15315501
402.252.12.1.jpg,0.15315501
402.252.12.1.jpg,0.15315501
402.252.12.1.jpg,0.15315501
402.252.12.1.jpg,0.15315501
402.252.12.1.jpg,0.15315501
402.252.12.1.jpg,0.15315501
402.252.12.1.jpg,0.15315501
402.252.12.1.jpg,0.15315501
402.91.6.2.jpg,0.159843653
402.91.6.2.jpg,0.159843653
402.91.6.2.jpg,0.159843653
402.91.6.2.jpg,0.159843653
402.91.6.2.jpg,0.159843653
402.91.6.2.jpg,0.159843653
402.91.6.2.jpg,0.159843653
402.91.6.2.jpg,0.159843653
402.91.6.2.jpg,0.159843653
402.91.6.2.jpg,0.159843653
402.91.6.2.jpg,0.159843653
402.91.6.2.jpg,0.159843653
402.91.6.2.jpg,0.159843653
402.91.6.2.jpg,0.159843653
402.91.6.2.jpg,0.159843653
402.91.6.2.jpg,0.159843653
402.91.6.2.jpg,0.159843653
402.91.6.2.jpg,0.159843653
402.91.6.2.jpg,0.159843653
402.72.14.2.jpg,0.156403923
402.72.14.2.jpg,0.156403923
402.72.14.2.jpg,0.156403923
402.72.14.2.jpg,0.156403923
402.72.14.2.jpg,0.156403923
402.72.14.2.jpg,0.156403923
402.72.14.2.jpg,0.156403923
402.72.14.2.jpg,0.156403923
402.72.14.2.jpg,0.156403923
402.72.14.2.jpg,0.156403923
402.72.14.2.jpg,0.156403923
402.72.14.2.jpg,0.156403923
402.72.14.2.jpg,0.156403923
402.72.14.2.jpg,0.156403923
402.72.14.2.jpg,0.156403923
402.72.14.2.jpg,0.156403923
402.72.14.2.jpg,0.156403923
402.72.14.2.jpg,0.156403923
402.72.14.2.jpg,0.156403923
400.245.18.2.jpg,0.140583442
400.245.18.2.jpg,0.140583442
400.245.18.2.jpg,0.140583442
400.245.18.2.jpg,0.140583442
400.245.18.2.jpg,0.140583442
400.245.18.2.jpg,0.140583442
400.245.18.2.jpg,0.140583442
400.245.18.2.jpg,0.140583442
400.245.18.2.jpg,0.140583442
400.245.18.2.jpg,0.140583442
400.245.18.2.jpg,0.140583442
400.245.18.2.jpg,0.140583442
400.245.18.2.jpg,0.140583442
400.245.18.2.jpg,0.140583442
400.245.18.2.jpg,0.140583442
400.245.18.2.jpg,0.140583442
400.245.18.2.jpg,0.140583442
400.245.18.2.jpg,0.140583442
400.245.18.2.jpg,0.140583442
98.63.13.1.jpg,0.142935651
98.63.13.1.jpg,0.142935651
98.63.13.1.jpg,0.142935651
98.63.13.1.jpg,0.142935651
98.63.13.1.jpg,0.142935651
98.63.13.1.jpg,0.142935651
98.63.13.1.jpg,0.142935651
98.63.13.1.jpg,0.142935651
98.63.13.1.jpg,0.142935651
98.63.13.1.jpg,0.142935651
98.63.13.1.jpg,0.142935651
98.63.13.1.jpg,0.142935651
98.63.13.1.jpg,0.142935651
98.63.13.1.jpg,0.142935651
98.63.13.1.jpg,0.142935651
98.63.13.1.jpg,0.142935651
98.63.13.1.jpg,0.142935651
98.63.13.1.jpg,0.142935651
98.63.13.1.jpg,0.142935651
401.180.16.1.jpg,0.148748928
401.180.16.1.jpg,0.148748928
401.180.16.1.jpg,0.148748928
401.180.16.1.jpg,0.148748928
401.180.16.1.jpg,0.148748928
401.180.16.1.jpg,0.148748928
401.180.16.1.jpg,0.148748928
401.180.16.1.jpg,0.148748928
401.180.16.1.jpg,0.148748928
401.180.16.1.jpg,0.148748928
401.180.16.1.jpg,0.148748928
401.180.16.1.jpg,0.148748928
401.180.16.1.jpg,0.148748928
401.180.16.1.jpg,0.148748928
401.180.16.1.jpg,0.148748928
401.180.16.1.jpg,0.148748928
401.180.16.1.jpg,0.148748928
401.180.16.1.jpg,0.148748928
401.180.16.1.jpg,0.148748928
401.46.12.1.jpg,0.143121786
401.46.12.1.jpg,0.143121786
401.46.12.1.jpg,0.143121786
401.46.12.1.jpg,0.143121786
401.46.12.1.jpg,0.143121786
401.46.12.1.jpg,0.143121786
401.46.12.1.jpg,0.143121786
401.46.12.1.jpg,0.143121786
401.46.12.1.jpg,0.143121786
401.46.12.1.jpg,0.143121786
401.46.12.1.jpg,0.143121786
401.46.12.1.jpg,0.143121786
401.46.12.1.jpg,0.143121786
401.46.12.1.jpg,0.143121786
401.46.12.1.jpg,0.143121786
401.46.12.1.jpg,0.143121786
401.46.12.1.jpg,0.143121786
401.46.12.1.jpg,0.143121786
401.46.12.1.jpg,0.143121786
401.57.16.1.jpg,0.140149234
401.57.16.1.jpg,0.140149234
401.57.16.1.jpg,0.140149234
401.57.16.1.jpg,0.140149234
401.57.16.1.jpg,0.140149234
401.57.16.1.jpg,0.140149234
401.57.16.1.jpg,0.140149234
401.57.16.1.jpg,0.140149234
401.57.16.1.jpg,0.140149234
401.57.16.1.jpg,0.140149234
401.57.16.1.jpg,0.140149234
401.57.16.1.jpg,0.140149234
401.57.16.1.jpg,0.140149234
401.57.16.1.jpg,0.140149234
401.57.16.1.jpg,0.140149234
401.57.16.1.jpg,0.140149234
401.57.16.1.jpg,0.140149234
401.57.16.1.jpg,0.140149234
401.57.16.1.jpg,0.140149234
402.246.17.2.jpg,0.158772595
402.246.17.2.jpg,0.158772595
402.246.17.2.jpg,0.158772595
402.246.17.2.jpg,0.158772595
402.246.17.2.jpg,0.158772595
402.246.17.2.jpg,0.158772595
402.246.17.2.jpg,0.158772595
402.246.17.2.jpg,0.158772595
402.246.17.2.jpg,0.158772595
402.246.17.2.jpg,0.158772595
402.246.17.2.jpg,0.158772595
402.246.17.2.jpg,0.158772595
402.246.17.2.jpg,0.158772595
402.246.17.2.jpg,0.158772595
402.246.17.2.jpg,0.158772595
402.246.17.2.jpg,0.158772595
402.246.17.2.jpg,0.158772595
402.246.17.2.jpg,0.158772595
402.246.17.2.jpg,0.158772595
402.109.17.1.jpg,0.142546924
402.109.17.1.jpg,0.142546924
402.109.17.1.jpg,0.142546924
402.109.17.1.jpg,0.142546924
402.109.17.1.jpg,0.142546924
402.109.17.1.jpg,0.142546924
402.109.17.1.jpg,0.142546924
402.109.17.1.jpg,0.142546924
402.109.17.1.jpg,0.142546924
402.109.17.1.jpg,0.142546924
402.109.17.1.jpg,0.142546924
402.109.17.1.jpg,0.142546924
402.109.17.1.jpg,0.142546924
402.109.17.1.jpg,0.142546924
402.109.17.1.jpg,0.142546924
402.109.17.1.jpg,0.142546924
402.109.17.1.jpg,0.142546924
402.109.17.1.jpg,0.142546924
402.109.17.1.jpg,0.142546924
400.147.17.2.jpg,0.159157005
400.147.17.2.jpg,0.159157005
400.147.17.2.jpg,0.159157005
400.147.17.2.jpg,0.159157005
400.147.17.2.jpg,0.159157005
400.147.17.2.jpg,0.159157005
400.147.17.2.jpg,0.159157005
400.147.17.2.jpg,0.159157005
400.147.17.2.jpg,0.159157005
400.147.17.2.jpg,0.159157005
400.147.17.2.jpg,0.159157005
400.147.17.2.jpg,0.159157005
400.147.17.2.jpg,0.159157005
400.147.17.2.jpg,0.159157005
400.147.17.2.jpg,0.159157005
400.147.17.2.jpg,0.159157005
400.147.17.2.jpg,0.159157005
400.147.17.2.jpg,0.159157005
400.147.17.2.jpg,0.159157005
401.191.14.2.jpg,0.146935303
401.191.14.2.jpg,0.146935303
401.191.14.2.jpg,0.146935303
401.191.14.2.jpg,0.146935303
401.191.14.2.jpg,0.146935303
401.191.14.2.jpg,0.146935303
401.191.14.2.jpg,0.146935303
401.191.14.2.jpg,0.146935303
401.191.14.2.jpg,0.146935303
401.191.14.2.jpg,0.146935303
401.191.14.2.jpg,0.146935303
401.191.14.2.jpg,0.146935303
401.191.14.2.jpg,0.146935303
401.191.14.2.jpg,0.146935303
401.191.14.2.jpg,0.146935303
401.191.14.2.jpg,0.146935303
401.191.14.2.jpg,0.146935303
401.191.14.2.jpg,0.146935303
401.191.14.2.jpg,0.146935303
400.295.10.2.jpg,0.141880319
400.295.10.2.jpg,0.141880319
400.295.10.2.jpg,0.141880319
400.295.10.2.jpg,0.141880319
400.295.10.2.jpg,0.141880319
400.295.10.2.jpg,0.141880319
400.295.10.2.jpg,0.141880319
400.295.10.2.jpg,0.141880319
400.295.10.2.jpg,0.141880319
400.295.10.2.jpg,0.141880319
400.295.10.2.jpg,0.141880319
400.295.10.2.jpg,0.141880319
400.295.10.2.jpg,0.141880319
400.295.10.2.jpg,0.141880319
400.295.10.2.jpg,0.141880319
400.295.10.2.jpg,0.141880319
400.295.10.2.jpg,0.141880319
400.295.10.2.jpg,0.141880319
400.295.10.2.jpg,0.141880319
400.302.12.1.jpg,0.153457284
400.302.12.1.jpg,0.153457284
400.302.12.1.jpg,0.153457284
400.302.12.1.jpg,0.153457284
400.302.12.1.jpg,0.153457284
400.302.12.1.jpg,0.153457284
400.302.12.1.jpg,0.153457284
400.302.12.1.jpg,0.153457284
400.302.12.1.jpg,0.153457284
400.302.12.1.jpg,0.153457284
400.302.12.1.jpg,0.153457284
400.302.12.1.jpg,0.153457284
400.302.12.1.jpg,0.153457284
400.302.12.1.jpg,0.153457284
400.302.12.1.jpg,0.153457284
400.302.12.1.jpg,0.153457284
400.302.12.1.jpg,0.153457284
400.302.12.1.jpg,0.153457284
400.302.12.1.jpg,0.153457284
96.106.8.2.jpg,0.148118333
96.106.8.2.jpg,0.148118333
96.106.8.2.jpg,0.148118333
96.106.8.2.jpg,0.148118333
96.106.8.2.jpg,0.148118333
96.106.8.2.jpg,0.148118333
96.106.8.2.jpg,0.148118333
96.106.8.2.jpg,0.148118333
96.106.8.2.jpg,0.148118333
96.106.8.2.jpg,0.148118333
96.106.8.2.jpg,0.148118333
96.106.8.2.jpg,0.148118333
96.106.8.2.jpg,0.148118333
96.106.8.2.jpg,0.148118333
96.106.8.2.jpg,0.148118333
96.106.8.2.jpg,0.148118333
96.106.8.2.jpg,0.148118333
96.106.8.2.jpg,0.148118333
96.106.8.2.jpg,0.148118333
400.261.8.1.jpg,0.141634157
400.261.8.1.jpg,0.141634157
400.261.8.1.jpg,0.141634157
400.261.8.1.jpg,0.141634157
400.261.8.1.jpg,0.141634157
400.261.8.1.jpg,0.141634157
400.261.8.1.jpg,0.141634157
400.261.8.1.jpg,0.141634157
400.261.8.1.jpg,0.141634157
400.261.8.1.jpg,0.141634157
400.261.8.1.jpg,0.141634157
400.261.8.1.jpg,0.141634157
400.261.8.1.jpg,0.141634157
400.261.8.1.jpg,0.141634157
400.261.8.1.jpg,0.141634157
400.261.8.1.jpg,0.141634157
400.261.8.1.jpg,0.141634157
400.261.8.1.jpg,0.141634157
400.261.8.1.jpg,0.141634157
402.55.15.2.jpg,0.144936016
402.55.15.2.jpg,0.144936016
402.55.15.2.jpg,0.144936016
402.55.15.2.jpg,0.144936016
402.55.15.2.jpg,0.144936016
402.55.15.2.jpg,0.144936016
402.55.15.2.jpg,0.144936016
402.55.15.2.jpg,0.144936016
402.55.15.2.jpg,0.144936016
402.55.15.2.jpg,0.144936016
402.55.15.2.jpg,0.144936016
402.55.15.2.jpg,0.144936016
402.55.15.2.jpg,0.144936016
402.55.15.2.jpg,0.144936016
402.55.15.2.jpg,0.144936016
402.55.15.2.jpg,0.144936016
402.55.15.2.jpg,0.144936016
402.55.15.2.jpg,0.144936016
402.55.15.2.jpg,0.144936016
402.149.12.2.jpg,0.140489292
402.149.12.2.jpg,0.140489292
402.149.12.2.jpg,0.140489292
402.149.12.2.jpg,0.140489292
402.149.12.2.jpg,0.140489292
402.149.12.2.jpg,0.140489292
402.149.12.2.jpg,0.140489292
402.149.12.2.jpg,0.140489292
402.149.12.2.jpg,0.140489292
402.149.12.2.jpg,0.140489292
402.149.12.2.jpg,0.140489292
402.149.12.2.jpg,0.140489292
402.149.12.2.jpg,0.140489292
402.149.12.2.jpg,0.140489292
402.149.12.2.jpg,0.140489292
402.149.12.2.jpg,0.140489292
402.149.12.2.jpg,0.140489292
402.149.12.2.jpg,0.140489292
402.149.12.2.jpg,0.140489292
400.181.16.1.jpg,0.158139713
400.181.16.1.jpg,0.158139713
400.181.16.1.jpg,0.158139713
400.181.16.1.jpg,0.158139713
400.181.16.1.jpg,0.158139713
400.181.16.1.jpg,0.158139713
400.181.16.1.jpg,0.158139713
400.181.16.1.jpg,0.158139713
400.181.16.1.jpg,0.158139713
400.181.16.1.jpg,0.158139713
400.181.16.1.jpg,0.158139713
400.181.16.1.jpg,0.158139713
400.181.16.1.jpg,0.158139713
400.181.16.1.jpg,0.158139713
400.181.16.1.jpg,0.158139713
400.181.16.1.jpg,0.158139713
400.181.16.1.jpg,0.158139713
400.181.16.1.jpg,0.158139713
400.181.16.1.jpg,0.158139713
402.150.9.2.jpg,0.14529735
402.150.9.2.jpg,0.14529735
402.150.9.2.jpg,0.14529735
402.150.9.2.jpg,0.14529735
402.150.9.2.jpg,0.14529735
402.150.9.2.jpg,0.14529735
402.150.9.2.jpg,0.14529735
402.150.9.2.jpg,0.14529735
402.150.9.2.jpg,0.14529735
402.150.9.2.jpg,0.14529735
402.150.9.2.jpg,0.14529735
402.150.9.2.jpg,0.14529735
402.150.9.2.jpg,0.14529735
402.150.9.2.jpg,0.14529735
402.150.9.2.jpg,0.14529735
402.150.9.2.jpg,0.14529735
402.150.9.2.jpg,0.14529735
402.150.9.2.jpg,0.14529735
402.150.9.2.jpg,0.14529735
401.63.14.2.jpg,0.152961486
401.63.14.2.jpg,0.152961486
401.63.14.2.jpg,0.152961486
401.63.14.2.jpg,0.152961486
401.63.14.2.jpg,0.152961486
401.63.14.2.jpg,0.152961486
401.63.14.2.jpg,0.152961486
401.63.14.2.jpg,0.152961486
401.63.14.2.jpg,0.152961486
401.63.14.2.jpg,0.152961486
401.63.14.2.jpg,0.152961486
401.63.14.2.jpg,0.152961486
401.63.14.2.jpg,0.152961486
401.63.14.2.jpg,0.152961486
401.63.14.2.jpg,0.152961486
401.63.14.2.jpg,0.152961486
401.63.14.2.jpg,0.152961486
401.63.14.2.jpg,0.152961486
401.63.14.2.jpg,0.152961486
400.22.11.2.jpg,0.146293106
400.22.11.2.jpg,0.146293106
400.22.11.2.jpg,0.146293106
400.22.11.2.jpg,0.146293106
400.22.11.2.jpg,0.146293106
400.22.11.2.jpg,0.146293106
400.22.11.2.jpg,0.146293106
400.22.11.2.jpg,0.146293106
400.22.11.2.jpg,0.146293106
400.22.11.2.jpg,0.146293106
400.22.11.2.jpg,0.146293106
400.22.11.2.jpg,0.146293106
400.22.11.2.jpg,0.146293106
400.22.11.2.jpg,0.146293106
400.22.11.2.jpg,0.146293106
400.22.11.2.jpg,0.146293106
400.22.11.2.jpg,0.146293106
400.22.11.2.jpg,0.146293106
400.22.11.2.jpg,0.146293106
402.210.16.1.jpg,0.143972803
402.210.16.1.jpg,0.143972803
402.210.16.1.jpg,0.143972803
402.210.16.1.jpg,0.143972803
402.210.16.1.jpg,0.143972803
402.210.16.1.jpg,0.143972803
402.210.16.1.jpg,0.143972803
402.210.16.1.jpg,0.143972803
402.210.16.1.jpg,0.143972803
402.210.16.1.jpg,0.143972803
402.210.16.1.jpg,0.143972803
402.210.16.1.jpg,0.143972803
402.210.16.1.jpg,0.143972803
402.210.16.1.jpg,0.143972803
402.210.16.1.jpg,0.143972803
402.210.16.1.jpg,0.143972803
402.210.16.1.jpg,0.143972803
402.210.16.1.jpg,0.143972803
402.210.16.1.jpg,0.143972803
98.129.9.2.jpg,0.144573801
98.129.9.2.jpg,0.144573801
98.129.9.2.jpg,0.144573801
98.129.9.2.jpg,0.144573801
98.129.9.2.jpg,0.144573801
98.129.9.2.jpg,0.144573801
98.129.9.2.jpg,0.144573801
98.129.9.2.jpg,0.144573801
98.129.9.2.jpg,0.144573801
98.129.9.2.jpg,0.144573801
98.129.9.2.jpg,0.144573801
98.129.9.2.jpg,0.144573801
98.129.9.2.jpg,0.144573801
98.129.9.2.jpg,0.144573801
98.129.9.2.jpg,0.144573801
98.129.9.2.jpg,0.144573801
98.129.9.2.jpg,0.144573801
98.129.9.2.jpg,0.144573801
98.129.9.2.jpg,0.144573801
96.147.12.1.jpg,0.149893718
96.147.12.1.jpg,0.149893718
96.147.12.1.jpg,0.149893718
96.147.12.1.jpg,0.149893718
96.147.12.1.jpg,0.149893718
96.147.12.1.jpg,0.149893718
96.147.12.1.jpg,0.149893718
96.147.12.1.jpg,0.149893718
96.147.12.1.jpg,0.149893718
96.147.12.1.jpg,0.149893718
96.147.12.1.jpg,0.149893718
96.147.12.1.jpg,0.149893718
96.147.12.1.jpg,0.149893718
96.147.12.1.jpg,0.149893718
96.147.12.1.jpg,0.149893718
96.147.12.1.jpg,0.149893718
96.147.12.1.jpg,0.149893718
96.147.12.1.jpg,0.149893718
96.147.12.1.jpg,0.149893718
402.141.16.1.jpg,0.149713304
402.141.16.1.jpg,0.149713304
402.141.16.1.jpg,0.149713304
402.141.16.1.jpg,0.149713304
402.141.16.1.jpg,0.149713304
402.141.16.1.jpg,0.149713304
402.141.16.1.jpg,0.149713304
402.141.16.1.jpg,0.149713304
402.141.16.1.jpg,0.149713304
402.141.16.1.jpg,0.149713304
402.141.16.1.jpg,0.149713304
402.141.16.1.jpg,0.149713304
402.141.16.1.jpg,0.149713304
402.141.16.1.jpg,0.149713304
402.141.16.1.jpg,0.149713304
402.141.16.1.jpg,0.149713304
402.141.16.1.jpg,0.149713304
402.141.16.1.jpg,0.149713304
402.141.16.1.jpg,0.149713304
96.39.13.1.jpg,0.142697358
96.39.13.1.jpg,0.142697358
96.39.13.1.jpg,0.142697358
96.39.13.1.jpg,0.142697358
96.39.13.1.jpg,0.142697358
96.39.13.1.jpg,0.142697358
96.39.13.1.jpg,0.142697358
96.39.13.1.jpg,0.142697358
96.39.13.1.jpg,0.142697358
96.39.13.1.jpg,0.142697358
96.39.13.1.jpg,0.142697358
96.39.13.1.jpg,0.142697358
96.39.13.1.jpg,0.142697358
96.39.13.1.jpg,0.142697358
96.39.13.1.jpg,0.142697358
96.39.13.1.jpg,0.142697358
96.39.13.1.jpg,0.142697358
96.39.13.1.jpg,0.142697358
96.39.13.1.jpg,0.142697358
400.371.16.1.jpg,0.153116338
400.371.16.1.jpg,0.153116338
400.371.16.1.jpg,0.153116338
400.371.16.1.jpg,0.153116338
400.371.16.1.jpg,0.153116338
400.371.16.1.jpg,0.153116338
400.371.16.1.jpg,0.153116338
400.371.16.1.jpg,0.153116338
400.371.16.1.jpg,0.153116338
400.371.16.1.jpg,0.153116338
400.371.16.1.jpg,0.153116338
400.371.16.1.jpg,0.153116338
400.371.16.1.jpg,0.153116338
400.371.16.1.jpg,0.153116338
400.371.16.1.jpg,0.153116338
400.371.16.1.jpg,0.153116338
400.371.16.1.jpg,0.153116338
400.371.16.1.jpg,0.153116338
400.371.16.1.jpg,0.153116338
400.128.17.1.jpg,0.155921579
400.128.17.1.jpg,0.155921579
400.128.17.1.jpg,0.155921579
400.128.17.1.jpg,0.155921579
400.128.17.1.jpg,0.155921579
400.128.17.1.jpg,0.155921579
400.128.17.1.jpg,0.155921579
400.128.17.1.jpg,0.155921579
400.128.17.1.jpg,0.155921579
400.128.17.1.jpg,0.155921579
400.128.17.1.jpg,0.155921579
400.128.17.1.jpg,0.155921579
400.128.17.1.jpg,0.155921579
400.128.17.1.jpg,0.155921579
400.128.17.1.jpg,0.155921579
400.128.17.1.jpg,0.155921579
400.128.17.1.jpg,0.155921579
400.128.17.1.jpg,0.155921579
400.128.17.1.jpg,0.155921579
400.19.11.2.jpg,0.144045997
400.19.11.2.jpg,0.144045997
400.19.11.2.jpg,0.144045997
400.19.11.2.jpg,0.144045997
400.19.11.2.jpg,0.144045997
400.19.11.2.jpg,0.144045997
400.19.11.2.jpg,0.144045997
400.19.11.2.jpg,0.144045997
400.19.11.2.jpg,0.144045997
400.19.11.2.jpg,0.144045997
400.19.11.2.jpg,0.144045997
400.19.11.2.jpg,0.144045997
400.19.11.2.jpg,0.144045997
400.19.11.2.jpg,0.144045997
400.19.11.2.jpg,0.144045997
400.19.11.2.jpg,0.144045997
400.19.11.2.jpg,0.144045997
400.19.11.2.jpg,0.144045997
400.19.11.2.jpg,0.144045997
400.364.11.2.jpg,0.142742855
400.364.11.2.jpg,0.142742855
400.364.11.2.jpg,0.142742855
400.364.11.2.jpg,0.142742855
400.364.11.2.jpg,0.142742855
400.364.11.2.jpg,0.142742855
400.364.11.2.jpg,0.142742855
400.364.11.2.jpg,0.142742855
400.364.11.2.jpg,0.142742855
400.364.11.2.jpg,0.142742855
400.364.11.2.jpg,0.142742855
400.364.11.2.jpg,0.142742855
400.364.11.2.jpg,0.142742855
400.364.11.2.jpg,0.142742855
400.364.11.2.jpg,0.142742855
400.364.11.2.jpg,0.142742855
400.364.11.2.jpg,0.142742855
400.364.11.2.jpg,0.142742855
400.364.11.2.jpg,0.142742855
98.267.11.2.jpg,0.154047246
98.267.11.2.jpg,0.154047246
98.267.11.2.jpg,0.154047246
98.267.11.2.jpg,0.154047246
98.267.11.2.jpg,0.154047246
98.267.11.2.jpg,0.154047246
98.267.11.2.jpg,0.154047246
98.267.11.2.jpg,0.154047246
98.267.11.2.jpg,0.154047246
98.267.11.2.jpg,0.154047246
98.267.11.2.jpg,0.154047246
98.267.11.2.jpg,0.154047246
98.267.11.2.jpg,0.154047246
98.267.11.2.jpg,0.154047246
98.267.11.2.jpg,0.154047246
98.267.11.2.jpg,0.154047246
98.267.11.2.jpg,0.154047246
98.267.11.2.jpg,0.154047246
98.267.11.2.jpg,0.154047246
402.13.14.2.jpg,0.15316531
402.13.14.2.jpg,0.15316531
402.13.14.2.jpg,0.15316531
402.13.14.2.jpg,0.15316531
402.13.14.2.jpg,0.15316531
402.13.14.2.jpg,0.15316531
402.13.14.2.jpg,0.15316531
402.13.14.2.jpg,0.15316531
402.13.14.2.jpg,0.15316531
402.13.14.2.jpg,0.15316531
402.13.14.2.jpg,0.15316531
402.13.14.2.jpg,0.15316531
402.13.14.2.jpg,0.15316531
402.13.14.2.jpg,0.15316531
402.13.14.2.jpg,0.15316531
402.13.14.2.jpg,0.15316531
402.13.14.2.jpg,0.15316531
402.13.14.2.jpg,0.15316531
402.13.14.2.jpg,0.15316531
400.325.10.1.jpg,0.148179808
400.325.10.1.jpg,0.148179808
400.325.10.1.jpg,0.148179808
400.325.10.1.jpg,0.148179808
400.325.10.1.jpg,0.148179808
400.325.10.1.jpg,0.148179808
400.325.10.1.jpg,0.148179808
400.325.10.1.jpg,0.148179808
400.325.10.1.jpg,0.148179808
400.325.10.1.jpg,0.148179808
400.325.10.1.jpg,0.148179808
400.325.10.1.jpg,0.148179808
400.325.10.1.jpg,0.148179808
400.325.10.1.jpg,0.148179808
400.325.10.1.jpg,0.148179808
400.325.10.1.jpg,0.148179808
400.325.10.1.jpg,0.148179808
400.325.10.1.jpg,0.148179808
400.325.10.1.jpg,0.148179808
98.231.11.1.jpg,0.155187851
98.231.11.1.jpg,0.155187851
98.231.11.1.jpg,0.155187851
98.231.11.1.jpg,0.155187851
98.231.11.1.jpg,0.155187851
98.231.11.1.jpg,0.155187851
98.231.11.1.jpg,0.155187851
98.231.11.1.jpg,0.155187851
98.231.11.1.jpg,0.155187851
98.231.11.1.jpg,0.155187851
98.231.11.1.jpg,0.155187851
98.231.11.1.jpg,0.155187851
98.231.11.1.jpg,0.155187851
98.231.11.1.jpg,0.155187851
98.231.11.1.jpg,0.155187851
98.231.11.1.jpg,0.155187851
98.231.11.1.jpg,0.155187851
98.231.11.1.jpg,0.155187851
98.231.11.1.jpg,0.155187851
98.310.14.2.jpg,0.14264539
98.310.14.2.jpg,0.14264539
98.310.14.2.jpg,0.14264539
98.310.14.2.jpg,0.14264539
98.310.14.2.jpg,0.14264539
98.310.14.2.jpg,0.14264539
98.310.14.2.jpg,0.14264539
98.310.14.2.jpg,0.14264539
98.310.14.2.jpg,0.14264539
98.310.14.2.jpg,0.14264539
98.310.14.2.jpg,0.14264539
98.310.14.2.jpg,0.14264539
98.310.14.2.jpg,0.14264539
98.310.14.2.jpg,0.14264539
98.310.14.2.jpg,0.14264539
98.310.14.2.jpg,0.14264539
98.310.14.2.jpg,0.14264539
98.310.14.2.jpg,0.14264539
98.310.14.2.jpg,0.14264539
402.63.10.2.jpg,0.143736369
402.63.10.2.jpg,0.143736369
402.63.10.2.jpg,0.143736369
402.63.10.2.jpg,0.143736369
402.63.10.2.jpg,0.143736369
402.63.10.2.jpg,0.143736369
402.63.10.2.jpg,0.143736369
402.63.10.2.jpg,0.143736369
402.63.10.2.jpg,0.143736369
402.63.10.2.jpg,0.143736369
402.63.10.2.jpg,0.143736369
402.63.10.2.jpg,0.143736369
402.63.10.2.jpg,0.143736369
402.63.10.2.jpg,0.143736369
402.63.10.2.jpg,0.143736369
402.63.10.2.jpg,0.143736369
402.63.10.2.jpg,0.143736369
402.63.10.2.jpg,0.143736369
402.63.10.2.jpg,0.143736369
401.71.17.1.jpg,0.140139925
401.71.17.1.jpg,0.140139925
401.71.17.1.jpg,0.140139925
401.71.17.1.jpg,0.140139925
401.71.17.1.jpg,0.140139925
401.71.17.1.jpg,0.140139925
401.71.17.1.jpg,0.140139925
401.71.17.1.jpg,0.140139925
401.71.17.1.jpg,0.140139925
401.71.17.1.jpg,0.140139925
401.71.17.1.jpg,0.140139925
401.71.17.1.jpg,0.140139925
401.71.17.1.jpg,0.140139925
401.71.17.1.jpg,0.140139925
401.71.17.1.jpg,0.140139925
401.71.17.1.jpg,0.140139925
401.71.17.1.jpg,0.140139925
401.71.17.1.jpg,0.140139925
401.71.17.1.jpg,0.140139925
400.247.18.1.jpg,0.146160564
400.247.18.1.jpg,0.146160564
400.247.18.1.jpg,0.146160564
400.247.18.1.jpg,0.146160564
400.247.18.1.jpg,0.146160564
400.247.18.1.jpg,0.146160564
400.247.18.1.jpg,0.146160564
400.247.18.1.jpg,0.146160564
400.247.18.1.jpg,0.146160564
400.247.18.1.jpg,0.146160564
400.247.18.1.jpg,0.146160564
400.247.18.1.jpg,0.146160564
400.247.18.1.jpg,0.146160564
400.247.18.1.jpg,0.146160564
400.247.18.1.jpg,0.146160564
400.247.18.1.jpg,0.146160564
400.247.18.1.jpg,0.146160564
400.247.18.1.jpg,0.146160564
400.247.18.1.jpg,0.146160564
96.176.10.2.jpg,0.147001177
96.176.10.2.jpg,0.147001177
96.176.10.2.jpg,0.147001177
96.176.10.2.jpg,0.147001177
96.176.10.2.jpg,0.147001177
96.176.10.2.jpg,0.147001177
96.176.10.2.jpg,0.147001177
96.176.10.2.jpg,0.147001177
96.176.10.2.jpg,0.147001177
96.176.10.2.jpg,0.147001177
96.176.10.2.jpg,0.147001177
96.176.10.2.jpg,0.147001177
96.176.10.2.jpg,0.147001177
96.176.10.2.jpg,0.147001177
96.176.10.2.jpg,0.147001177
96.176.10.2.jpg,0.147001177
96.176.10.2.jpg,0.147001177
96.176.10.2.jpg,0.147001177
96.176.10.2.jpg,0.147001177
401.158.16.1.jpg,0.15506915
401.158.16.1.jpg,0.15506915
401.158.16.1.jpg,0.15506915
401.158.16.1.jpg,0.15506915
401.158.16.1.jpg,0.15506915
401.158.16.1.jpg,0.15506915
401.158.16.1.jpg,0.15506915
401.158.16.1.jpg,0.15506915
401.158.16.1.jpg,0.15506915
401.158.16.1.jpg,0.15506915
401.158.16.1.jpg,0.15506915
401.158.16.1.jpg,0.15506915
401.158.16.1.jpg,0.15506915
401.158.16.1.jpg,0.15506915
401.158.16.1.jpg,0.15506915
401.158.16.1.jpg,0.15506915
401.158.16.1.jpg,0.15506915
401.158.16.1.jpg,0.15506915
401.158.16.1.jpg,0.15506915
400.329.13.1.jpg,0.151673683
400.329.13.1.jpg,0.151673683
400.329.13.1.jpg,0.151673683
400.329.13.1.jpg,0.151673683
400.329.13.1.jpg,0.151673683
400.329.13.1.jpg,0.151673683
400.329.13.1.jpg,0.151673683
400.329.13.1.jpg,0.151673683
400.329.13.1.jpg,0.151673683
400.329.13.1.jpg,0.151673683
400.329.13.1.jpg,0.151673683
400.329.13.1.jpg,0.151673683
400.329.13.1.jpg,0.151673683
400.329.13.1.jpg,0.151673683
400.329.13.1.jpg,0.151673683
400.329.13.1.jpg,0.151673683
400.329.13.1.jpg,0.151673683
400.329.13.1.jpg,0.151673683
400.329.13.1.jpg,0.151673683
401.135.11.2.jpg,0.149258945
401.135.11.2.jpg,0.149258945
401.135.11.2.jpg,0.149258945
401.135.11.2.jpg,0.149258945
401.135.11.2.jpg,0.149258945
401.135.11.2.jpg,0.149258945
401.135.11.2.jpg,0.149258945
401.135.11.2.jpg,0.149258945
401.135.11.2.jpg,0.149258945
401.135.11.2.jpg,0.149258945
401.135.11.2.jpg,0.149258945
401.135.11.2.jpg,0.149258945
401.135.11.2.jpg,0.149258945
401.135.11.2.jpg,0.149258945
401.135.11.2.jpg,0.149258945
401.135.11.2.jpg,0.149258945
401.135.11.2.jpg,0.149258945
401.135.11.2.jpg,0.149258945
401.135.11.2.jpg,0.149258945
400.57.16.2.jpg,0.140757092
400.57.16.2.jpg,0.140757092
400.57.16.2.jpg,0.140757092
400.57.16.2.jpg,0.140757092
400.57.16.2.jpg,0.140757092
400.57.16.2.jpg,0.140757092
400.57.16.2.jpg,0.140757092
400.57.16.2.jpg,0.140757092
400.57.16.2.jpg,0.140757092
400.57.16.2.jpg,0.140757092
400.57.16.2.jpg,0.140757092
400.57.16.2.jpg,0.140757092
400.57.16.2.jpg,0.140757092
400.57.16.2.jpg,0.140757092
400.57.16.2.jpg,0.140757092
400.57.16.2.jpg,0.140757092
400.57.16.2.jpg,0.140757092
400.57.16.2.jpg,0.140757092
400.57.16.2.jpg,0.140757092
400.58.14.2.jpg,0.143311204
400.58.14.2.jpg,0.143311204
400.58.14.2.jpg,0.143311204
400.58.14.2.jpg,0.143311204
400.58.14.2.jpg,0.143311204
400.58.14.2.jpg,0.143311204
400.58.14.2.jpg,0.143311204
400.58.14.2.jpg,0.143311204
400.58.14.2.jpg,0.143311204
400.58.14.2.jpg,0.143311204
400.58.14.2.jpg,0.143311204
400.58.14.2.jpg,0.143311204
400.58.14.2.jpg,0.143311204
400.58.14.2.jpg,0.143311204
400.58.14.2.jpg,0.143311204
400.58.14.2.jpg,0.143311204
400.58.14.2.jpg,0.143311204
400.58.14.2.jpg,0.143311204
400.58.14.2.jpg,0.143311204
400.194.8.1.jpg,0.142512083
400.194.8.1.jpg,0.142512083
400.194.8.1.jpg,0.142512083
400.194.8.1.jpg,0.142512083
400.194.8.1.jpg,0.142512083
400.194.8.1.jpg,0.142512083
400.194.8.1.jpg,0.142512083
400.194.8.1.jpg,0.142512083
400.194.8.1.jpg,0.142512083
400.194.8.1.jpg,0.142512083
400.194.8.1.jpg,0.142512083
400.194.8.1.jpg,0.142512083
400.194.8.1.jpg,0.142512083
400.194.8.1.jpg,0.142512083
400.194.8.1.jpg,0.142512083
400.194.8.1.jpg,0.142512083
400.194.8.1.jpg,0.142512083
400.194.8.1.jpg,0.142512083
400.194.8.1.jpg,0.142512083
98.322.8.1.jpg,0.151948213
98.322.8.1.jpg,0.151948213
98.322.8.1.jpg,0.151948213
98.322.8.1.jpg,0.151948213
98.322.8.1.jpg,0.151948213
98.322.8.1.jpg,0.151948213
98.322.8.1.jpg,0.151948213
98.322.8.1.jpg,0.151948213
98.322.8.1.jpg,0.151948213
98.322.8.1.jpg,0.151948213
98.322.8.1.jpg,0.151948213
98.322.8.1.jpg,0.151948213
98.322.8.1.jpg,0.151948213
98.322.8.1.jpg,0.151948213
98.322.8.1.jpg,0.151948213
98.322.8.1.jpg,0.151948213
98.322.8.1.jpg,0.151948213
98.322.8.1.jpg,0.151948213
98.322.8.1.jpg,0.151948213
400.108.18.1.jpg,0.145581856
400.108.18.1.jpg,0.145581856
400.108.18.1.jpg,0.145581856
400.108.18.1.jpg,0.145581856
400.108.18.1.jpg,0.145581856
400.108.18.1.jpg,0.145581856
400.108.18.1.jpg,0.145581856
400.108.18.1.jpg,0.145581856
400.108.18.1.jpg,0.145581856
400.108.18.1.jpg,0.145581856
400.108.18.1.jpg,0.145581856
400.108.18.1.jpg,0.145581856
400.108.18.1.jpg,0.145581856
400.108.18.1.jpg,0.145581856
400.108.18.1.jpg,0.145581856
400.108.18.1.jpg,0.145581856
400.108.18.1.jpg,0.145581856
400.108.18.1.jpg,0.145581856
400.108.18.1.jpg,0.145581856
400.9.14.2.jpg,0.14462438
400.9.14.2.jpg,0.14462438
400.9.14.2.jpg,0.14462438
400.9.14.2.jpg,0.14462438
400.9.14.2.jpg,0.14462438
400.9.14.2.jpg,0.14462438
400.9.14.2.jpg,0.14462438
400.9.14.2.jpg,0.14462438
400.9.14.2.jpg,0.14462438
400.9.14.2.jpg,0.14462438
400.9.14.2.jpg,0.14462438
400.9.14.2.jpg,0.14462438
400.9.14.2.jpg,0.14462438
400.9.14.2.jpg,0.14462438
400.9.14.2.jpg,0.14462438
400.9.14.2.jpg,0.14462438
400.9.14.2.jpg,0.14462438
400.9.14.2.jpg,0.14462438
400.9.14.2.jpg,0.14462438
400.376.18.1.jpg,0.156186818
400.376.18.1.jpg,0.156186818
400.376.18.1.jpg,0.156186818
400.376.18.1.jpg,0.156186818
400.376.18.1.jpg,0.156186818
400.376.18.1.jpg,0.156186818
400.376.18.1.jpg,0.156186818
400.376.18.1.jpg,0.156186818
400.376.18.1.jpg,0.156186818
400.376.18.1.jpg,0.156186818
400.376.18.1.jpg,0.156186818
400.376.18.1.jpg,0.156186818
400.376.18.1.jpg,0.156186818
400.376.18.1.jpg,0.156186818
400.376.18.1.jpg,0.156186818
400.376.18.1.jpg,0.156186818
400.376.18.1.jpg,0.156186818
400.376.18.1.jpg,0.156186818
400.376.18.1.jpg,0.156186818
402.25.11.1.jpg,0.150978067
402.25.11.1.jpg,0.150978067
402.25.11.1.jpg,0.150978067
402.25.11.1.jpg,0.150978067
402.25.11.1.jpg,0.150978067
402.25.11.1.jpg,0.150978067
402.25.11.1.jpg,0.150978067
402.25.11.1.jpg,0.150978067
402.25.11.1.jpg,0.150978067
402.25.11.1.jpg,0.150978067
402.25.11.1.jpg,0.150978067
402.25.11.1.jpg,0.150978067
402.25.11.1.jpg,0.150978067
402.25.11.1.jpg,0.150978067
402.25.11.1.jpg,0.150978067
402.25.11.1.jpg,0.150978067
402.25.11.1.jpg,0.150978067
402.25.11.1.jpg,0.150978067
402.25.11.1.jpg,0.150978067
402.40.9.2.jpg,0.153448786
402.40.9.2.jpg,0.153448786
402.40.9.2.jpg,0.153448786
402.40.9.2.jpg,0.153448786
402.40.9.2.jpg,0.153448786
402.40.9.2.jpg,0.153448786
402.40.9.2.jpg,0.153448786
402.40.9.2.jpg,0.153448786
402.40.9.2.jpg,0.153448786
402.40.9.2.jpg,0.153448786
402.40.9.2.jpg,0.153448786
402.40.9.2.jpg,0.153448786
402.40.9.2.jpg,0.153448786
402.40.9.2.jpg,0.153448786
402.40.9.2.jpg,0.153448786
402.40.9.2.jpg,0.153448786
402.40.9.2.jpg,0.153448786
402.40.9.2.jpg,0.153448786
402.40.9.2.jpg,0.153448786
400.367.7.2.jpg,0.145848213
400.367.7.2.jpg,0.145848213
400.367.7.2.jpg,0.145848213
400.367.7.2.jpg,0.145848213
400.367.7.2.jpg,0.145848213
400.367.7.2.jpg,0.145848213
400.367.7.2.jpg,0.145848213
400.367.7.2.jpg,0.145848213
400.367.7.2.jpg,0.145848213
400.367.7.2.jpg,0.145848213
400.367.7.2.jpg,0.145848213
400.367.7.2.jpg,0.145848213
400.367.7.2.jpg,0.145848213
400.367.7.2.jpg,0.145848213
400.367.7.2.jpg,0.145848213
400.367.7.2.jpg,0.145848213
400.367.7.2.jpg,0.145848213
400.367.7.2.jpg,0.145848213
400.367.7.2.jpg,0.145848213
98.163.14.1.jpg,0.149576289
98.163.14.1.jpg,0.149576289
98.163.14.1.jpg,0.149576289
98.163.14.1.jpg,0.149576289
98.163.14.1.jpg,0.149576289
98.163.14.1.jpg,0.149576289
98.163.14.1.jpg,0.149576289
98.163.14.1.jpg,0.149576289
98.163.14.1.jpg,0.149576289
98.163.14.1.jpg,0.149576289
98.163.14.1.jpg,0.149576289
98.163.14.1.jpg,0.149576289
98.163.14.1.jpg,0.149576289
98.163.14.1.jpg,0.149576289
98.163.14.1.jpg,0.149576289
98.163.14.1.jpg,0.149576289
98.163.14.1.jpg,0.149576289
98.163.14.1.jpg,0.149576289
98.163.14.1.jpg,0.149576289
401.184.13.1.jpg,0.157641188
401.184.13.1.jpg,0.157641188
401.184.13.1.jpg,0.157641188
401.184.13.1.jpg,0.157641188
401.184.13.1.jpg,0.157641188
401.184.13.1.jpg,0.157641188
401.184.13.1.jpg,0.157641188
401.184.13.1.jpg,0.157641188
401.184.13.1.jpg,0.157641188
401.184.13.1.jpg,0.157641188
401.184.13.1.jpg,0.157641188
401.184.13.1.jpg,0.157641188
401.184.13.1.jpg,0.157641188
401.184.13.1.jpg,0.157641188
401.184.13.1.jpg,0.157641188
401.184.13.1.jpg,0.157641188
401.184.13.1.jpg,0.157641188
401.184.13.1.jpg,0.157641188
401.184.13.1.jpg,0.157641188
98.88.15.2.jpg,0.14143526
98.88.15.2.jpg,0.14143526
98.88.15.2.jpg,0.14143526
98.88.15.2.jpg,0.14143526
98.88.15.2.jpg,0.14143526
98.88.15.2.jpg,0.14143526
98.88.15.2.jpg,0.14143526
98.88.15.2.jpg,0.14143526
98.88.15.2.jpg,0.14143526
98.88.15.2.jpg,0.14143526
98.88.15.2.jpg,0.14143526
98.88.15.2.jpg,0.14143526
98.88.15.2.jpg,0.14143526
98.88.15.2.jpg,0.14143526
98.88.15.2.jpg,0.14143526
98.88.15.2.jpg,0.14143526
98.88.15.2.jpg,0.14143526
98.88.15.2.jpg,0.14143526
98.88.15.2.jpg,0.14143526
98.338.16.2.jpg,0.144793334
98.338.16.2.jpg,0.144793334
98.338.16.2.jpg,0.144793334
98.338.16.2.jpg,0.144793334
98.338.16.2.jpg,0.144793334
98.338.16.2.jpg,0.144793334
98.338.16.2.jpg,0.144793334
98.338.16.2.jpg,0.144793334
98.338.16.2.jpg,0.144793334
98.338.16.2.jpg,0.144793334
98.338.16.2.jpg,0.144793334
98.338.16.2.jpg,0.144793334
98.338.16.2.jpg,0.144793334
98.338.16.2.jpg,0.144793334
98.338.16.2.jpg,0.144793334
98.338.16.2.jpg,0.144793334
98.338.16.2.jpg,0.144793334
98.338.16.2.jpg,0.144793334
98.338.16.2.jpg,0.144793334
401.119.11.2.jpg,0.153986554
401.119.11.2.jpg,0.153986554
401.119.11.2.jpg,0.153986554
401.119.11.2.jpg,0.153986554
401.119.11.2.jpg,0.153986554
401.119.11.2.jpg,0.153986554
401.119.11.2.jpg,0.153986554
401.119.11.2.jpg,0.153986554
401.119.11.2.jpg,0.153986554
401.119.11.2.jpg,0.153986554
401.119.11.2.jpg,0.153986554
401.119.11.2.jpg,0.153986554
401.119.11.2.jpg,0.153986554
401.119.11.2.jpg,0.153986554
401.119.11.2.jpg,0.153986554
401.119.11.2.jpg,0.153986554
401.119.11.2.jpg,0.153986554
401.119.11.2.jpg,0.153986554
401.119.11.2.jpg,0.153986554
402.224.16.1.jpg,0.152286975
402.224.16.1.jpg,0.152286975
402.224.16.1.jpg,0.152286975
402.224.16.1.jpg,0.152286975
402.224.16.1.jpg,0.152286975
402.224.16.1.jpg,0.152286975
402.224.16.1.jpg,0.152286975
402.224.16.1.jpg,0.152286975
402.224.16.1.jpg,0.152286975
402.224.16.1.jpg,0.152286975
402.224.16.1.jpg,0.152286975
402.224.16.1.jpg,0.152286975
402.224.16.1.jpg,0.152286975
402.224.16.1.jpg,0.152286975
402.224.16.1.jpg,0.152286975
402.224.16.1.jpg,0.152286975
402.224.16.1.jpg,0.152286975
402.224.16.1.jpg,0.152286975
402.224.16.1.jpg,0.152286975
401.204.11.1.jpg,0.148314467
401.204.11.1.jpg,0.148314467
401.204.11.1.jpg,0.148314467
401.204.11.1.jpg,0.148314467
401.204.11.1.jpg,0.148314467
401.204.11.1.jpg,0.148314467
401.204.11.1.jpg,0.148314467
401.204.11.1.jpg,0.148314467
401.204.11.1.jpg,0.148314467
401.204.11.1.jpg,0.148314467
401.204.11.1.jpg,0.148314467
401.204.11.1.jpg,0.148314467
401.204.11.1.jpg,0.148314467
401.204.11.1.jpg,0.148314467
401.204.11.1.jpg,0.148314467
401.204.11.1.jpg,0.148314467
401.204.11.1.jpg,0.148314467
401.204.11.1.jpg,0.148314467
401.204.11.1.jpg,0.148314467
402.35.12.1.jpg,0.154022664
402.35.12.1.jpg,0.154022664
402.35.12.1.jpg,0.154022664
402.35.12.1.jpg,0.154022664
402.35.12.1.jpg,0.154022664
402.35.12.1.jpg,0.154022664
402.35.12.1.jpg,0.154022664
402.35.12.1.jpg,0.154022664
402.35.12.1.jpg,0.154022664
402.35.12.1.jpg,0.154022664
402.35.12.1.jpg,0.154022664
402.35.12.1.jpg,0.154022664
402.35.12.1.jpg,0.154022664
402.35.12.1.jpg,0.154022664
402.35.12.1.jpg,0.154022664
402.35.12.1.jpg,0.154022664
402.35.12.1.jpg,0.154022664
402.35.12.1.jpg,0.154022664
402.35.12.1.jpg,0.154022664
402.212.13.1.jpg,0.156272163
402.212.13.1.jpg,0.156272163
402.212.13.1.jpg,0.156272163
402.212.13.1.jpg,0.156272163
402.212.13.1.jpg,0.156272163
402.212.13.1.jpg,0.156272163
402.212.13.1.jpg,0.156272163
402.212.13.1.jpg,0.156272163
402.212.13.1.jpg,0.156272163
402.212.13.1.jpg,0.156272163
402.212.13.1.jpg,0.156272163
402.212.13.1.jpg,0.156272163
402.212.13.1.jpg,0.156272163
402.212.13.1.jpg,0.156272163
402.212.13.1.jpg,0.156272163
402.212.13.1.jpg,0.156272163
402.212.13.1.jpg,0.156272163
402.212.13.1.jpg,0.156272163
402.212.13.1.jpg,0.156272163
400.190.9.2.jpg,0.149298593
400.190.9.2.jpg,0.149298593
400.190.9.2.jpg,0.149298593
400.190.9.2.jpg,0.149298593
400.190.9.2.jpg,0.149298593
400.190.9.2.jpg,0.149298593
400.190.9.2.jpg,0.149298593
400.190.9.2.jpg,0.149298593
400.190.9.2.jpg,0.149298593
400.190.9.2.jpg,0.149298593
400.190.9.2.jpg,0.149298593
400.190.9.2.jpg,0.149298593
400.190.9.2.jpg,0.149298593
400.190.9.2.jpg,0.149298593
400.190.9.2.jpg,0.149298593
400.190.9.2.jpg,0.149298593
400.190.9.2.jpg,0.149298593
400.190.9.2.jpg,0.149298593
400.190.9.2.jpg,0.149298593
400.163.10.1.jpg,0.151009995
400.163.10.1.jpg,0.151009995
400.163.10.1.jpg,0.151009995
400.163.10.1.jpg,0.151009995
400.163.10.1.jpg,0.151009995
400.163.10.1.jpg,0.151009995
400.163.10.1.jpg,0.151009995
400.163.10.1.jpg,0.151009995
400.163.10.1.jpg,0.151009995
400.163.10.1.jpg,0.151009995
400.163.10.1.jpg,0.151009995
400.163.10.1.jpg,0.151009995
400.163.10.1.jpg,0.151009995
400.163.10.1.jpg,0.151009995
400.163.10.1.jpg,0.151009995
400.163.10.1.jpg,0.151009995
400.163.10.1.jpg,0.151009995
400.163.10.1.jpg,0.151009995
400.163.10.1.jpg,0.151009995
98.15.13.2.jpg,0.147193271
98.15.13.2.jpg,0.147193271
98.15.13.2.jpg,0.147193271
98.15.13.2.jpg,0.147193271
98.15.13.2.jpg,0.147193271
98.15.13.2.jpg,0.147193271
98.15.13.2.jpg,0.147193271
98.15.13.2.jpg,0.147193271
98.15.13.2.jpg,0.147193271
98.15.13.2.jpg,0.147193271
98.15.13.2.jpg,0.147193271
98.15.13.2.jpg,0.147193271
98.15.13.2.jpg,0.147193271
98.15.13.2.jpg,0.147193271
98.15.13.2.jpg,0.147193271
98.15.13.2.jpg,0.147193271
98.15.13.2.jpg,0.147193271
98.15.13.2.jpg,0.147193271
98.15.13.2.jpg,0.147193271
402.159.12.2.jpg,0.142085085
402.159.12.2.jpg,0.142085085
402.159.12.2.jpg,0.142085085
402.159.12.2.jpg,0.142085085
402.159.12.2.jpg,0.142085085
402.159.12.2.jpg,0.142085085
402.159.12.2.jpg,0.142085085
402.159.12.2.jpg,0.142085085
402.159.12.2.jpg,0.142085085
402.159.12.2.jpg,0.142085085
402.159.12.2.jpg,0.142085085
402.159.12.2.jpg,0.142085085
402.159.12.2.jpg,0.142085085
402.159.12.2.jpg,0.142085085
402.159.12.2.jpg,0.142085085
402.159.12.2.jpg,0.142085085
402.159.12.2.jpg,0.142085085
402.159.12.2.jpg,0.142085085
402.159.12.2.jpg,0.142085085
400.319.8.1.jpg,0.153898873
400.319.8.1.jpg,0.153898873
400.319.8.1.jpg,0.153898873
400.319.8.1.jpg,0.153898873
400.319.8.1.jpg,0.153898873
400.319.8.1.jpg,0.153898873
400.319.8.1.jpg,0.153898873
400.319.8.1.jpg,0.153898873
400.319.8.1.jpg,0.153898873
400.319.8.1.jpg,0.153898873
400.319.8.1.jpg,0.153898873
400.319.8.1.jpg,0.153898873
400.319.8.1.jpg,0.153898873
400.319.8.1.jpg,0.153898873
400.319.8.1.jpg,0.153898873
400.319.8.1.jpg,0.153898873
400.319.8.1.jpg,0.153898873
400.319.8.1.jpg,0.153898873
400.319.8.1.jpg,0.153898873
96.167.9.2.jpg,0.153456539
96.167.9.2.jpg,0.153456539
96.167.9.2.jpg,0.153456539
96.167.9.2.jpg,0.153456539
96.167.9.2.jpg,0.153456539
96.167.9.2.jpg,0.153456539
96.167.9.2.jpg,0.153456539
96.167.9.2.jpg,0.153456539
96.167.9.2.jpg,0.153456539
96.167.9.2.jpg,0.153456539
96.167.9.2.jpg,0.153456539
96.167.9.2.jpg,0.153456539
96.167.9.2.jpg,0.153456539
96.167.9.2.jpg,0.153456539
96.167.9.2.jpg,0.153456539
96.167.9.2.jpg,0.153456539
96.167.9.2.jpg,0.153456539
96.167.9.2.jpg,0.153456539
400.360.11.1.jpg,0.144073162
400.360.11.1.jpg,0.144073162
400.360.11.1.jpg,0.144073162
400.360.11.1.jpg,0.144073162
400.360.11.1.jpg,0.144073162
400.360.11.1.jpg,0.144073162
400.360.11.1.jpg,0.144073162
400.360.11.1.jpg,0.144073162
400.360.11.1.jpg,0.144073162
400.360.11.1.jpg,0.144073162
400.360.11.1.jpg,0.144073162
400.360.11.1.jpg,0.144073162
400.360.11.1.jpg,0.144073162
400.360.11.1.jpg,0.144073162
400.360.11.1.jpg,0.144073162
400.360.11.1.jpg,0.144073162
400.360.11.1.jpg,0.144073162
400.360.11.1.jpg,0.144073162
400.360.11.1.jpg,0.144073162
401.153.9.2.jpg,0.140232939
401.153.9.2.jpg,0.140232939
401.153.9.2.jpg,0.140232939
401.153.9.2.jpg,0.140232939
401.153.9.2.jpg,0.140232939
401.153.9.2.jpg,0.140232939
401.153.9.2.jpg,0.140232939
401.153.9.2.jpg,0.140232939
401.153.9.2.jpg,0.140232939
401.153.9.2.jpg,0.140232939
401.153.9.2.jpg,0.140232939
401.153.9.2.jpg,0.140232939
401.153.9.2.jpg,0.140232939
401.153.9.2.jpg,0.140232939
401.153.9.2.jpg,0.140232939
401.153.9.2.jpg,0.140232939
401.153.9.2.jpg,0.140232939
401.153.9.2.jpg,0.140232939
401.153.9.2.jpg,0.140232939
